230605	AGD WOLNOSTOJĄCE	LODÓWKI FS KOMBI DWUDRZWIOWE	LODÓWKA HAIER A3FE742CMJ A++, INOX,70 CM	5
251267	AGD WOLNOSTOJĄCE	LODÓWKI FS KOMBI DWUDRZWIOWE	LODÓWKA BEKO CSA 24022  A+ biała	3
721164	AGD WOLNOSTOJĄCE	LODÓWKI FS KOMBI DWUDRZWIOWE	LODÓWKA SIEMENS KG49NAI22	4
722851	AGD WOLNOSTOJĄCE	LODÓWKI FS KOMBI DWUDRZWIOWE	LODÓWKA SAMSUNG RB31FERNDBC/EF Czarna No Frost	4
733437	AGD WOLNOSTOJĄCE	LODÓWKI FS KOMBI DWUDRZWIOWE	LODÓWKA GORENJE RF 60309 ORL	1
735135	AGD WOLNOSTOJĄCE	LODÓWKI FS KOMBI DWUDRZWIOWE	LODÓWKA SAMSUNG RB29FERNDSS/EF COOL	5
735137	AGD WOLNOSTOJĄCE	LODÓWKI FS KOMBI DWUDRZWIOWE	LODÓWKA SAMSUNG RB31FERNDEF/EF COOL	5
778989	AGD WOLNOSTOJĄCE	LODÓWKI FS KOMBI DWUDRZWIOWE	LODÓWKA SAMSUNG RB31FDRNDSS (-)	2
785624	AGD WOLNOSTOJĄCE	LODÓWKI FS KOMBI DWUDRZWIOWE	LODÓWKA BEKO CSA 31021X INOX	4
786573	AGD WOLNOSTOJĄCE	LODÓWKI FS KOMBI DWUDRZWIOWE	LODÓWKA WHIRLPOOL WBA 43982 NFCIX	5
789207	AGD WOLNOSTOJĄCE	LODÓWKI FS KOMBI DWUDRZWIOWE	LODÓWKA SAMSUNG RB31FDRNDBC Czarna,podajnik	5
832520	AGD WOLNOSTOJĄCE	LODÓWKI FS KOMBI DWUDRZWIOWE	LODÓWKA SAMSUNG RB37J5320SS/EF seria RB5000 (Space Max)	4
835583	AGD WOLNOSTOJĄCE	LODÓWKI FS KOMBI DWUDRZWIOWE	LODÓWKA WHIRLPOOL BLF 5121 W	3
835586	AGD WOLNOSTOJĄCE	LODÓWKI FS KOMBI DWUDRZWIOWE	LODÓWKA WHIRLPOOL BLF 7121 W	4
835587	AGD WOLNOSTOJĄCE	LODÓWKI FS KOMBI DWUDRZWIOWE	LODÓWKA WHIRLPOOL BLFV 8121 W	4
835588	AGD WOLNOSTOJĄCE	LODÓWKI FS KOMBI DWUDRZWIOWE	LODÓWKA WHIRLPOOL BLFV 8121 OX	3
835589	AGD WOLNOSTOJĄCE	LODÓWKI FS KOMBI DWUDRZWIOWE	LODÓWKA WHIRLPOOL BLF 8121 OX AQUA / podajnik	5
835592	AGD WOLNOSTOJĄCE	LODÓWKI FS KOMBI DWUDRZWIOWE	LODÓWKA WHIRLPOOL BSNF 8451 OX AQUA No Frost z podajnikiem A+	5
835593	AGD WOLNOSTOJĄCE	LODÓWKI FS KOMBI DWUDRZWIOWE	LODÓWKA WHIRLPOOL BSNF 9452 OX No Frost A++	5
835594	AGD WOLNOSTOJĄCE	LODÓWKI FS KOMBI DWUDRZWIOWE	LODÓWKA WHIRLPOOL BLF 8121 W AQUA / podajnik	5
835595	AGD WOLNOSTOJĄCE	LODÓWKI FS KOMBI DWUDRZWIOWE	LODÓWKA AEG S 83520 CMX2 No Frost A++	4
835597	AGD WOLNOSTOJĄCE	LODÓWKI FS KOMBI DWUDRZWIOWE	LODÓWKA AEG S 83920 CMXF No Frost A++	4
836185	AGD WOLNOSTOJĄCE	LODÓWKI FS KOMBI DWUDRZWIOWE	LODÓWKA INDESIT LI8 FF2 W 189cm A++ biała	3
838558	AGD WOLNOSTOJĄCE	LODÓWKI FS KOMBI DWUDRZWIOWE	LODÓWKA WHIRLPOOL BLF 9121 OX	4
839559	AGD WOLNOSTOJĄCE	LODÓWKI FS KOMBI DWUDRZWIOWE	LODÓWKA BEKO CNA 365E20P No Frost Czarna	3
839560	AGD WOLNOSTOJĄCE	LODÓWKI FS KOMBI DWUDRZWIOWE	LODÓWKA BEKO CNA 365EC0DX No Frost,inox,podajnik	5
839561	AGD WOLNOSTOJĄCE	LODÓWKI FS KOMBI DWUDRZWIOWE	LODÓWKA BEKO CNE 520E23ZDX No Frost,inox, dozownik	5
839565	AGD WOLNOSTOJĄCE	LODÓWKI FS KOMBI DWUDRZWIOWE	LODÓWKA BEKO RCNA 365K20ZW No Frost, A+	5
839569	AGD WOLNOSTOJĄCE	LODÓWKI FS KOMBI DWUDRZWIOWE	LODÓWKA BEKO RCNA 365K20ZX No Frost, A+, inox	5
839571	AGD WOLNOSTOJĄCE	LODÓWKI FS KOMBI DWUDRZWIOWE	LODÓWKA BEKO RCNA 365E30ZX No frost, A++, inox	5
839573	AGD WOLNOSTOJĄCE	LODÓWKI FS KOMBI DWUDRZWIOWE	LODÓWKA BEKO RCSA 400K20X	5
844146	AGD WOLNOSTOJĄCE	LODÓWKI FS KOMBI DWUDRZWIOWE	LODÓWKA SAMSUNG RB30J3000WW/EF seria RB3000	4
844155	AGD WOLNOSTOJĄCE	LODÓWKI FS KOMBI DWUDRZWIOWE	LODÓWKA SAMSUNG RB33J3030SA/EF seria RB3000	5
844157	AGD WOLNOSTOJĄCE	LODÓWKI FS KOMBI DWUDRZWIOWE	LODÓWKA SAMSUNG RB33J3420WW/EF seria RB3000	2
844158	AGD WOLNOSTOJĄCE	LODÓWKI FS KOMBI DWUDRZWIOWE	LODÓWKA SAMSUNG RB33J3420SS/EF seria RB3000	2
844161	AGD WOLNOSTOJĄCE	LODÓWKI FS KOMBI DWUDRZWIOWE	LODÓWKA SAMSUNG RB33J3230BC/EF seria Czarna,RB3000	3
848746	AGD WOLNOSTOJĄCE	LODÓWKI FS KOMBI DWUDRZWIOWE	LODÓWKA BOSCH KGN36VW24E NF	5
848748	AGD WOLNOSTOJĄCE	LODÓWKI FS KOMBI DWUDRZWIOWE	LODÓWKA BOSCH KGN39VL25E NF INOX	5
854733	AGD WOLNOSTOJĄCE	LODÓWKI FS KOMBI DWUDRZWIOWE	LODÓWKA LG GBB 930 LBQZT T-ISKRA CZARNA	5
855299	AGD WOLNOSTOJĄCE	LODÓWKI FS KOMBI DWUDRZWIOWE	LODÓWKA BOSCH KGN39NL23E NF INOX	5
856048	AGD WOLNOSTOJĄCE	LODÓWKI FS KOMBI DWUDRZWIOWE	LODÓWKA SAMSUNG RB29FDRNDSA	5
856052	AGD WOLNOSTOJĄCE	LODÓWKI FS KOMBI DWUDRZWIOWE	LODÓWKA SAMSUNG RB33J3419SS A+++	5
857315	AGD WOLNOSTOJĄCE	LODÓWKI FS KOMBI DWUDRZWIOWE	LODÓWKA HOTPOINT ARISTON XH9 T2ZCOJZH BLACK / INOX A++	5
857317	AGD WOLNOSTOJĄCE	LODÓWKI FS KOMBI DWUDRZWIOWE	LODÓWKA BEKO CNA 365E30ZGB A++,CZARNE SZKŁO	5
857868	AGD WOLNOSTOJĄCE	LODÓWKI FS KOMBI DWUDRZWIOWE	LODÓWKA BOSCH KGN36XL35 INOX A++	5
858524	AGD WOLNOSTOJĄCE	LODÓWKI FS KOMBI DWUDRZWIOWE	LODÓWKA LG GBF60NSFZB PODAJNIK,A++	5
858526	AGD WOLNOSTOJĄCE	LODÓWKI FS KOMBI DWUDRZWIOWE	LODÓWKA LG GBB60PZDZS A++	4
858527	AGD WOLNOSTOJĄCE	LODÓWKI FS KOMBI DWUDRZWIOWE	LODÓWKA LG GBB59PZKVB	5
859222	AGD WOLNOSTOJĄCE	LODÓWKI FS KOMBI DWUDRZWIOWE	LODÓWKA INDESIT LR6 S1 W	1
859224	AGD WOLNOSTOJĄCE	LODÓWKI FS KOMBI DWUDRZWIOWE	LODÓWKA INDESIT LR9 S2Q F W B A++	3
859226	AGD WOLNOSTOJĄCE	LODÓWKI FS KOMBI DWUDRZWIOWE	LODÓWKA BOSCH KGN39XI38 INOX A++ NF16	5
859565	AGD WOLNOSTOJĄCE	LODÓWKI FS KOMBI DWUDRZWIOWE	LODÓWKA AMICA FK 261.3	5
859567	AGD WOLNOSTOJĄCE	LODÓWKI FS KOMBI DWUDRZWIOWE	LODÓWKA AMICA FK 3857.3 DFX 70 CM.INOX	5
859570	AGD WOLNOSTOJĄCE	LODÓWKI FS KOMBI DWUDRZWIOWE	LODÓWKA AMICA FK 3336.3 DFCXAA A++	4
860115	AGD WOLNOSTOJĄCE	LODÓWKI FS KOMBI DWUDRZWIOWE	LODÓWKA BOSCH KGV39XW20E	5
860286	AGD WOLNOSTOJĄCE	LODÓWKI FS KOMBI DWUDRZWIOWE	LODÓWKA LG GBF 59WBDZB  A++,CZARNA	5
862285	AGD WOLNOSTOJĄCE	LODÓWKI FS KOMBI DWUDRZWIOWE	LODÓWKA SAMSUNG RB37J5000SA/EF	4
862288	AGD WOLNOSTOJĄCE	LODÓWKI FS KOMBI DWUDRZWIOWE	LODÓWKA BEKO CNA365E20B Beżowa	5
862756	AGD WOLNOSTOJĄCE	LODÓWKI FS KOMBI DWUDRZWIOWE	LODÓWKA SAMSUNG RB34K6032SS/EF	5
863530	AGD WOLNOSTOJĄCE	LODÓWKI FS KOMBI DWUDRZWIOWE	LODÓWKA LG GBB 930DNQZN T-ISKRA INOX	5
863781	AGD WOLNOSTOJĄCE	LODÓWKI FS KOMBI DWUDRZWIOWE	LODÓWKA SHARP SJ-BA31IEDI2-EU A++,PODAJNIK,INOX	5
863782	AGD WOLNOSTOJĄCE	LODÓWKI FS KOMBI DWUDRZWIOWE	LODÓWKA SHARP SJ-BA31IEDA2-EU A++,PODAJNIK,DARK/INOX	5
864505	AGD WOLNOSTOJĄCE	LODÓWKI FS KOMBI DWUDRZWIOWE	LODÓWKA SAMSUNG RB37K6032SS INOX A++	5
711429	AGD WOLNOSTOJĄCE	PRALKI FRONT	PRALKA INDESIT IWD 61051 ECO 1000 OBR/MIN	2
735141	AGD WOLNOSTOJĄCE	PRALKI FRONT	PRALKA SAMSUNG WF70F5E3W2W Eco Bubble ,1200 obr./min (-)	5
780062	AGD WOLNOSTOJĄCE	PRALKI FRONT	PRALKA BOSCH WAB 2028 SPL  1000 obr./min (C)	3
782538	AGD WOLNOSTOJĄCE	PRALKI FRONT	PRALKA WHIRLPOOL AWO/C 51003 SL	2
788067	AGD WOLNOSTOJĄCE	PRALKI FRONT	PRALKA BEKO WMY 71043 PL PTLMB2 SUPERIA	5
788068	AGD WOLNOSTOJĄCE	PRALKI FRONT	PRALKA BEKO WMY 71243 PL PTLMB1 SUPERIA	5
788069	AGD WOLNOSTOJĄCE	PRALKI FRONT	PRALKA BEKO WMY 81043 PL PTLMB2 SUPERIA	5
788070	AGD WOLNOSTOJĄCE	PRALKI FRONT	PRALKA BEKO WMY 81243 PL PTLMB1 SUPERIA	5
790369	AGD WOLNOSTOJĄCE	PRALKI FRONT	PRALKA SAMSUNG WF70F5EBW2W 1200 obr./min	5
790370	AGD WOLNOSTOJĄCE	PRALKI FRONT	PRALKA WHIRLPOOL AWOC 932830PCHD 1200 obr./min	5
793128	AGD WOLNOSTOJĄCE	PRALKI FRONT	PRALKA HOTPOINT ARISTON AQ83D 29 EU/B	5
839428	AGD WOLNOSTOJĄCE	PRALKI FRONT	PRALKA WHIRLPOOL AWOC74002PBL 1000 obr./min	2
842693	AGD WOLNOSTOJĄCE	PRALKI FRONT	PRALKA LG FM2U2QDN1	5
845229	AGD WOLNOSTOJĄCE	PRALKI FRONT	PRALKA BOSCH WAN 2427 SPL 1200 obr./min 7 KG. A+++	5
845235	AGD WOLNOSTOJĄCE	PRALKI FRONT	PRALKA BOSCH WAN 2006 SPL 1000 obr./min	5
846916	AGD WOLNOSTOJĄCE	PRALKI FRONT	PRALKA HOTPOINT AQ93F 297 EU A+++,1200 obr./min PAROWA	5
850409	AGD WOLNOSTOJĄCE	PRALKI FRONT	PRALKA ELECTROLUX EWF 1287 EMW, 1200 obr./min ,parowa	5
850864	AGD WOLNOSTOJĄCE	PRALKI FRONT	PRALKA ELECTROLUX EWF 11064 SE 1000 OBR./MIN	3
851057	AGD WOLNOSTOJĄCE	PRALKI FRONT	PRALKA BEKO MWTV 7533 XB  SUPERIA, 1000 OBR./MIN.  KL. A+++	5
853860	AGD WOLNOSTOJĄCE	PRALKI FRONT	PRALKA SAMSUNG WW70K5210UW/EO 1200 OBR./MIN ADDWASH	5
853861	AGD WOLNOSTOJĄCE	PRALKI FRONT	PRALKA SAMSUNG WW80K6414QX/EO  1400 OBR./MIN ADDWASH	5
860476	AGD WOLNOSTOJĄCE	PRALKI FRONT	PRALKA SIEMENS WM12N06BPL POJ.8KG, 1200 OBR./MIN. KL.A+++	5
860477	AGD WOLNOSTOJĄCE	PRALKI FRONT	PRALKA SIEMENS WM12N16BPL POJ.8KG, 1200 OBR./MIN. KL.A+++	5
860478	AGD WOLNOSTOJĄCE	PRALKI FRONT	PRALKA SIEMENS WM12N26BPL POJ.8KG, 1200 OBR./MIN. KL.A+++	5
860979	AGD WOLNOSTOJĄCE	PRALKI FRONT	PRALKA BOSCH WAT2466SPL I-DOS POJ.8 KG, 1200 OBR./MIN. KL.A+++	5
862774	AGD WOLNOSTOJĄCE	PRALKI FRONT	PRALKA AEG L7FEC48SP POJ.8KG., 1400 RPM, KL.A+++-30%, PROSTEAM, INV.	5
862775	AGD WOLNOSTOJĄCE	PRALKI FRONT	PRALKA AEG L8FEC68SP POJ.8KG., 1600 RPM, KL.A+++-50%, PROSTEAM, INV.	5
863513	AGD WOLNOSTOJĄCE	PRALKI FRONT	PRALKA INDESIT BWE 71253X S PL  POJ.7KG, A+++,1200 OBR./MIN SREBRNA	5
863515	AGD WOLNOSTOJĄCE	PRALKI FRONT	PRALKA HOTPOINT RSG724JX PL POJ.7KG, A+++-10%,1200 OBR./MIN	5
863516	AGD WOLNOSTOJĄCE	PRALKI FRONT	PRALKA HOTPOINT RPD 8247 JD PL POJ.8KG  A+++-10%,1200 OBR./MIN PAROWA	5
863517	AGD WOLNOSTOJĄCE	PRALKI FRONT	PRALKA HOTPOINT RSG824JX PL POJ.8KG A+++-10%,1200 OBR./MIN.	5
863688	AGD WOLNOSTOJĄCE	PRALKI FRONT	PRALKA SHARP ES-GFD8104W3-PL POJ.8KG., 1000 RPM, KL.A+++	5
255271	AGD WOLNOSTOJĄCE	ZMYWARKI FS	ZMYWARKA BOSCH SMS46GI05E	5
276211	AGD WOLNOSTOJĄCE	ZMYWARKI FS	ZMYWARKA BOSCH SMS25AI03E	5
717834	AGD WOLNOSTOJĄCE	ZMYWARKI FS	ZMYWARKA BOSCH SMS 50D38EU inox	4
727973	AGD WOLNOSTOJĄCE	ZMYWARKI FS	ZMYWARKA HOTPOINT ARISTON LFF 8M121 CX EU 82845 A++	5
728522	AGD WOLNOSTOJĄCE	ZMYWARKI FS	ZMYWARKA HOTPOINT ARISTON LFF 8M121 C EU 82926	2
785281	AGD WOLNOSTOJĄCE	ZMYWARKI FS	ZMYWARKA ELECTROLUX ESF 4510LOX	2
785282	AGD WOLNOSTOJĄCE	ZMYWARKI FS	ZMYWARKA ELECTROLUX ESF 4200LOW	4
791229	AGD WOLNOSTOJĄCE	ZMYWARKI FS	ZMYWARKA INDESIT DSR 15B1 EU	5
798971	AGD WOLNOSTOJĄCE	ZMYWARKI FS	ZMYWARKA HOTPOINT ARISTON LSFF 9H124 C EU	5
798978	AGD WOLNOSTOJĄCE	ZMYWARKI FS	ZMYWARKA HOTPOINT ARISTON LFD 11M121 CX EU inox	4
838545	AGD WOLNOSTOJĄCE	ZMYWARKI FS	ZMYWARKA ELECTROLUX ESF5541LOX	5
838854	AGD WOLNOSTOJĄCE	ZMYWARKI FS	ZMYWARKA BEKO DFN 26220 W	4
838855	AGD WOLNOSTOJĄCE	ZMYWARKI FS	ZMYWARKA BEKO DFN 26220 X	5
838856	AGD WOLNOSTOJĄCE	ZMYWARKI FS	ZMYWARKA BEKO DFS 28020 X	5
838858	AGD WOLNOSTOJĄCE	ZMYWARKI FS	ZMYWARKA BEKO DFS 28020 W	4
842295	AGD WOLNOSTOJĄCE	ZMYWARKI FS	ZMYWARKA AMICA ZWM 636WD	4
842326	AGD WOLNOSTOJĄCE	ZMYWARKI FS	ZMYWARKA AMICA ZWM 436WD	5
842475	AGD WOLNOSTOJĄCE	ZMYWARKI FS	ZMYWARKA ELECTROLUX ESF 8585ROX	4
847028	AGD WOLNOSTOJĄCE	ZMYWARKI FS	ZMYWARKA AEG F 55412 M0	5
847033	AGD WOLNOSTOJĄCE	ZMYWARKI FS	ZMYWARKA ELECTROLUX ESF 4520 LOX	5
850079	AGD WOLNOSTOJĄCE	ZMYWARKI FS	ZMYWARKA BOSCH SPS 53E18EU 45 CM.INOX	1
850083	AGD WOLNOSTOJĄCE	ZMYWARKI FS	ZMYWARKA BOSCH SPS 53E12EU 45 CM.	3
859691	AGD WOLNOSTOJĄCE	ZMYWARKI FS	ZMYWARKA WHIRLPOOL WFO3T121PX  KL.A++, 60CM, 14KPL., 10PR., ZUŻ.9L., 41DB, INOX	5
861530	AGD WOLNOSTOJĄCE	ZMYWARKI FS	ZMYWARKA AEG F55302M0 AIRDRY, KL.A+++, 60CM, 13KPL., 5 PR., 42DB(A)	5
862765	AGD WOLNOSTOJĄCE	ZMYWARKI FS	ZMYWARKA AEG F77462M0P AIRDRY, KL.A+++, 45CM, 9KPL., 7PR., ZUŻ.9,9L, 44DB(A)	5
