735914	TELEFONY I GPS	NAWIGACJE	ODB DO NAWIGACJI TOMTOM START 20M (dożywotnia aktualizacja)	2
735915	TELEFONY I GPS	NAWIGACJE	ODB DO NAWIGACJI TOMTOM START 25M (dożywotnia aktualizacja)	4
788161	TELEFONY I GPS	NAWIGACJE	ODB DO NAWIGACJI MIO SPIRIT 6900 FEU (dożywotnia aktualizacja)	5
788219	TELEFONY I GPS	NAWIGACJE	ODB DO NAWIGACJI BECKER ACTIV 5 LMU (dożywotnia aktualizacja)	4
830124	TELEFONY I GPS	NAWIGACJE	ODB DO NAWIGACJI SMART SG720 PL (dożywotnia aktualizacja)	4
830195	TELEFONY I GPS	NAWIGACJE	ODB DO NAWIGACJI TOMTOM START 25M CEE (doż. aktual.)+ Dual Fast Car Charger	4
835504	TELEFONY I GPS	NAWIGACJE	ODB DO NAWIGACJI MIO SPIRIT 7500 PL (dożywotnia aktualizacja)	3
839504	TELEFONY I GPS	NAWIGACJE	ODB DO NAWIGACJI SMART SG730 PL	4
851510	TELEFONY I GPS	NAWIGACJE	ODB DO NAWIGACJI SMART SG742 TT EU (DOŻYWOTNIA AKTUALIZACJA)	5
857614	TELEFONY I GPS	NAWIGACJE	ODB DO NAWIGACJI GARMIN DRIVE 50 LM CENTRALNA EU (DOŻYWOTNIA AKTUALIZACJA)	4
857615	TELEFONY I GPS	NAWIGACJE	ODB DO NAWIGACJI GARMIN DRIVE 50 LM EU (DOŻYWOTNIA AKTUALIZACJA)	4
859923	TELEFONY I GPS	NAWIGACJE	ODB DO NAWIGACJI SMART GPS RIDER MAPAMAP PL	5
860401	TELEFONY I GPS	NAWIGACJE	ODB DO NAWIGACJI TOMTOM VIA 52 EU (dożywotnia aktualizacja)	4
861125	TELEFONY I GPS	NAWIGACJE	ODB DO NAWIGACJI GARMIN DRIVE 60LM EU ULTRAPACK (DOŻYWOTNIA AKTUALIZACJA)	3
862158	TELEFONY I GPS	NAWIGACJE	ODB DO NAWIGACJI GARMIN DRIVE 40 CE EUROPA	3
781310	TELEFONY I GPS	SMARTFONY	SMARTFON APPLE IPHONE 5S 16GB GREY	1
832376	TELEFONY I GPS	SMARTFONY	SMARTFON SAMSUNG SM-G920 GALAXY S6 32GB BLACK	2
832382	TELEFONY I GPS	SMARTFONY	SMARTFON SAMSUNG SM-G925 GALAXY S6 EDGE 32GB BLACK	3
832420	TELEFONY I GPS	SMARTFONY	SMARTFON SAMSUNG SM-G920 GALAXY S6 32GB GOLD	3
832423	TELEFONY I GPS	SMARTFONY	SMARTFON SAMSUNG SM-G925 GALAXY S6 EDGE 32GB GOLD	3
832734	TELEFONY I GPS	SMARTFONY	SMARTFON SONY XPERIA M4 AQUA BLACK	5
832739	TELEFONY I GPS	SMARTFONY	SMARTFON SONY XPERIA M4 AQUA WHITE	5
835517	TELEFONY I GPS	SMARTFONY	SMARTFON LG G4 H815 LEATHER BLACK	4
836055	TELEFONY I GPS	SMARTFONY	SMARTFON HUAWEI P8 LITE WHITE	2
836860	TELEFONY I GPS	SMARTFONY	SMARTFON LG G4 STYLUS H635 TITAN	5
842668	TELEFONY I GPS	SMARTFONY	SMARTFON HUAWEI P8 LITE GOLD	5
842669	TELEFONY I GPS	SMARTFONY	SMARTFON SONY XPERIA Z5 PREMIUM BLACK	1
842775	TELEFONY I GPS	SMARTFONY	SMARTFON APPLE IPHONE 6S 16GB SPACE GRAY	2
842777	TELEFONY I GPS	SMARTFONY	SMARTFON APPLE IPHONE 6S 16GB SILVER	2
842779	TELEFONY I GPS	SMARTFONY	SMARTFON APPLE IPHONE 6S 16GB GOLD	2
844209	TELEFONY I GPS	SMARTFONY	SMARTFON MICROSOFT LUMIA 550 SS LTE WHITE	5
847439	TELEFONY I GPS	SMARTFONY	SMARTFON HUAWEI Y3 BLACK	3
847443	TELEFONY I GPS	SMARTFONY	SMARTFON HUAWEI Y3 WHITE	3
847483	TELEFONY I GPS	SMARTFONY	SMARTFON HTC DESIRE 626G DUAL DARK GRAY	4
847500	TELEFONY I GPS	SMARTFONY	SMARTFON HTC DESIRE 626G DUAL NAVY BLUE	4
849460	TELEFONY I GPS	SMARTFONY	SMARTFON SAMSUNG SM-A310 GALAXY A3 2016 GOLD	3
849461	TELEFONY I GPS	SMARTFONY	SMARTFON SAMSUNG SM-A310 GALAXY A3 2016 BLACK	3
849462	TELEFONY I GPS	SMARTFONY	SMARTFON SAMSUNG SM-A510 GALAXY A5 2016 GOLD	3
849463	TELEFONY I GPS	SMARTFONY	SMARTFON SAMSUNG SM-A510 GALAXY A5 2016 BLACK	3
849892	TELEFONY I GPS	SMARTFONY	SMARTFON SONY XPERIA M5 BLACK	3
849945	TELEFONY I GPS	SMARTFONY	SMARTFON SAMSUNG SM-G930 GALAXY S7 32GB GOLD	2
849946	TELEFONY I GPS	SMARTFONY	SMARTFON SAMSUNG SM-G930 GALAXY S7 32GB BLACK	2
849949	TELEFONY I GPS	SMARTFONY	SMARTFON SAMSUNG SM-G935 GALAXY S7 EDGE 32GB GOLD	2
849950	TELEFONY I GPS	SMARTFONY	SMARTFON SAMSUNG SM-G935 GALAXY S7 EDGE 32GB BLACK	2
851069	TELEFONY I GPS	SMARTFONY	SMARTFON LG K500N X SCREEN BLACK	2
851071	TELEFONY I GPS	SMARTFONY	SMARTFON LG K580N X CAM SILVER	1
851140	TELEFONY I GPS	SMARTFONY	SMARTFON HUAWEI P9 TITANIUM GREY	5
851285	TELEFONY I GPS	SMARTFONY	SMARTFON SAMSUNG SM-J320 GALAXY J3 GOLD	2
851286	TELEFONY I GPS	SMARTFONY	SMARTFON SAMSUNG SM-J320 GALAXY J3 BLACK	1
851287	TELEFONY I GPS	SMARTFONY	SMARTFON SAMSUNG SM-J320 GALAXY J3 WHITE	2
853119	TELEFONY I GPS	SMARTFONY	SMARTFON LG K10 K420N BLACK	2
853725	TELEFONY I GPS	SMARTFONY	SMARTFON SAMSUNG SM-A510 GALAXY A5 2016 WHITE	3
853987	TELEFONY I GPS	SMARTFONY	SMARTFON SAMSUNG SM-J510 GALAXY J5 2016 GOLD	2
853988	TELEFONY I GPS	SMARTFONY	SMARTFON SAMSUNG SM-J510 GALAXY J5 2016 BLACK	2
853989	TELEFONY I GPS	SMARTFONY	SMARTFON SAMSUNG SM-J510 GALAXY J5 2016 WHITE	2
853991	TELEFONY I GPS	SMARTFONY	SMARTFON SAMSUNG SM-J710 GALAXY J7 2016 GOLD	3
853992	TELEFONY I GPS	SMARTFONY	SMARTFON SAMSUNG SM-J710 GALAXY J7 2016 BLACK	3
854006	TELEFONY I GPS	SMARTFONY	SMARTFON HUAWEI P9 MYSTIC SILVER	5
854007	TELEFONY I GPS	SMARTFONY	SMARTFON HUAWEI P9 LITE BLACK	3
854008	TELEFONY I GPS	SMARTFONY	SMARTFON HUAWEI P9 LITE GOLD	3
854009	TELEFONY I GPS	SMARTFONY	SMARTFON HUAWEI P9 LITE WHITE	3
854895	TELEFONY I GPS	SMARTFONY	SMARTFON SONY XPERIA XA BLACK	3
854898	TELEFONY I GPS	SMARTFONY	SMARTFON SONY XPERIA XA WHITE	3
855028	TELEFONY I GPS	SMARTFONY	SMARTFON APPLE IPHONE SE 16GB SPACE GREY	3
855030	TELEFONY I GPS	SMARTFONY	SMARTFON APPLE IPHONE SE 16GB GOLD	3
855963	TELEFONY I GPS	SMARTFONY	SMARTFON HTC DESIRE 630 DUAL SPRINKLE WHITE	4
855964	TELEFONY I GPS	SMARTFONY	SMARTFON HTC DESIRE 630 DUAL BLUE LAGOON	4
856685	TELEFONY I GPS	SMARTFONY	SMARTFON ASUS ZENFONE GO 4.5 CZARNY	5
858389	TELEFONY I GPS	SMARTFONY	SMARTFON HUAWEI Y3 II BLACK	3
858390	TELEFONY I GPS	SMARTFONY	SMARTFON HUAWEI Y3 II WHITE	3
858391	TELEFONY I GPS	SMARTFONY	SMARTFON HUAWEI Y3 II GOLD	3
858393	TELEFONY I GPS	SMARTFONY	SMARTFON HUAWEI Y5 II BLACK	3
858394	TELEFONY I GPS	SMARTFONY	SMARTFON HUAWEI Y5 II WHITE	3
858423	TELEFONY I GPS	SMARTFONY	SMARTFON ASUS ZENFONE GO 16GB CZARNY	3
859239	TELEFONY I GPS	SMARTFONY	SMARTFON ASUS ZENFONE GO 16GB CZERWONY	3
859317	TELEFONY I GPS	SMARTFONY	SMARTFON SAMSUNG SM-G389 GALAXY XCOVER 3 VE DARK SILVER	3
859710	TELEFONY I GPS	SMARTFONY	SMARTFON LENOVO K5 GOLD	4
859971	TELEFONY I GPS	SMARTFONY	SMARTFON LG K8 K350N DUAL BLACK BLUE	2
860017	TELEFONY I GPS	SMARTFONY	SMARTFON SONY XPERIA E5 BLACK	4
860018	TELEFONY I GPS	SMARTFONY	SMARTFON SONY XPERIA E5 WHITE	3
860056	TELEFONY I GPS	SMARTFONY	SMARTFON LG K3 K100DS DUAL BLACK BLUE	2
860449	TELEFONY I GPS	SMARTFONY	SMARTFON KIANO ELEGANCE 4.5 BIAŁY	5
860628	TELEFONY I GPS	SMARTFONY	SMARTFON ASUS ZENFONE 2 LASER 32GB SREBRNY	5
860629	TELEFONY I GPS	SMARTFONY	SMARTFON ASUS ZENFONE 2 LASER 32GB ZŁOTY	5
860804	TELEFONY I GPS	SMARTFONY	SMARTFON MYPHONE HAMMER AXE M LTE POMARAŃCZOWY	4
860864	TELEFONY I GPS	SMARTFONY	SMARTFON LG X POWER K220 BLACK BLUE	2
861039	TELEFONY I GPS	SMARTFONY	SMARTFON HUAWEI HONOR 8 WHITE	4
861254	TELEFONY I GPS	SMARTFONY	SMARTFON LG K8 K350N DUAL WHITE	2
861322	TELEFONY I GPS	SMARTFONY	SMARTFON APPLE IPHONE 7 32GB BLACK	2
861324	TELEFONY I GPS	SMARTFONY	SMARTFON APPLE IPHONE 7 32GB GOLD	2
861544	TELEFONY I GPS	SMARTFONY	SMARTFON APPLE IPHONE 6S 32GB SPACE GREY	2
861547	TELEFONY I GPS	SMARTFONY	SMARTFON APPLE IPHONE 6S 32GB ROSE GOLD	2
861550	TELEFONY I GPS	SMARTFONY	SMARTFON APPLE IPHONE 6S PLUS 32GB GOLD	2
861891	TELEFONY I GPS	SMARTFONY	SMARTFON ASUS ZENFONE GO 4.5 CZERWONY	5
862289	TELEFONY I GPS	SMARTFONY	SMARTFON KIANO ELEGANCE 5.1 BIAŁY	1
862290	TELEFONY I GPS	SMARTFONY	SMARTFON KIANO ELEGANCE 5.1 CZARNY	1
862291	TELEFONY I GPS	SMARTFONY	SMARTFON KIANO ELEGANCE 5.1 ZŁOTY	1
862313	TELEFONY I GPS	SMARTFONY	SMARTFON HUAWEI NOVA GOLD	3
862337	TELEFONY I GPS	SMARTFONY	SMARTFON MYPHONE FUN 5 BIAŁY	5
862338	TELEFONY I GPS	SMARTFONY	SMARTFON MYPHONE FUN 5 ZŁOTY	5
862489	TELEFONY I GPS	SMARTFONY	SMARTFON ASUS ZENFONE 3 MAX GRAY	3
863128	TELEFONY I GPS	SMARTFONY	SMARTFON HUAWEI P9 LITE ROSE GOLD	3
863306	TELEFONY I GPS	SMARTFONY	SMARTFON CAVION SOLID 4.5	5
863862	TELEFONY I GPS	SMARTFONY	SMARTFON SAMSUNG SM-A320F GALAXY A3 2017 GOLD	2
863863	TELEFONY I GPS	SMARTFONY	SMARTFON SAMSUNG SM-A320F GALAXY A3 2017 BLACK	2
863865	TELEFONY I GPS	SMARTFONY	SMARTFON SAMSUNG SM-A520F GALAXY A5 2017 GOLD	2
863866	TELEFONY I GPS	SMARTFONY	SMARTFON SAMSUNG SM-A520F GALAXY A5 2017 BLACK	2
864088	TELEFONY I GPS	SMARTFONY	SMARTFON ASUS ZENFONE GO 5.5 ZŁOTY	3
864845	TELEFONY I GPS	SMARTFONY	SMARTFON XIAOMI REDMI 4A GOLD	4
864982	TELEFONY I GPS	SMARTFONY	SMARTFON LG K8 2017 DUAL GOLD	3
864983	TELEFONY I GPS	SMARTFONY	SMARTFON LG K10 2017 DUAL BLACK	3
865448	TELEFONY I GPS	SMARTFONY	SMARTFON HUAWEI P10 BLACK	4
865602	TELEFONY I GPS	SMARTFONY	SMARTFON ASUS ZENFONE GO 5.0 LTE CZARNY	3
782259	TELEFONY I GPS	TELEFONY KOMÓRKOWE	TELEFON GSM MYPHONE HAMMER CZARNY	3
785969	TELEFONY I GPS	TELEFONY KOMÓRKOWE	TELEFON GSM CAT B25 CZARNY	3
799062	TELEFONY I GPS	TELEFONY KOMÓRKOWE	TELEFON GSM MAXCOM MM720 BB	4
799142	TELEFONY I GPS	TELEFONY KOMÓRKOWE	TELEFON GSM MAXCOM MM237	5
840036	TELEFONY I GPS	TELEFONY KOMÓRKOWE	TELEFON GSM MAXCOM MM136 BIAŁO-ZŁOTY	4
845339	TELEFONY I GPS	TELEFONY KOMÓRKOWE	TELEFON GSM MAXCOM MM428	3
857439	TELEFONY I GPS	TELEFONY KOMÓRKOWE	TELEFON GSM PHILIPS E103	4
860024	TELEFONY I GPS	TELEFONY KOMÓRKOWE	TELEFON GSM MAXCOM MM129 BIAŁO-ZIELONY	4
860025	TELEFONY I GPS	TELEFONY KOMÓRKOWE	TELEFON GSM CAVION S1 CZARNY	5
860581	TELEFONY I GPS	TELEFONY KOMÓRKOWE	TELEFON GSM CAVION BASE 1.7 CZARNO-ZIELONY	4
860582	TELEFONY I GPS	TELEFONY KOMÓRKOWE	TELEFON GSM CAVION BASE 2.4 CZARNY	4
862033	TELEFONY I GPS	TELEFONY KOMÓRKOWE	TELEFON GSM MAXCOM MM320 CZARNY	4
862779	TELEFONY I GPS	TELEFONY KOMÓRKOWE	TELEFON GSM NOKIA 216 DUAL SIM BLACK	3
862890	TELEFONY I GPS	TELEFONY KOMÓRKOWE	TELEFON GSM CAVION FLIP 2.4 CZARNY	4
863999	TELEFONY I GPS	TELEFONY KOMÓRKOWE	TELEFON GSM ALCATEL 20.51 SREBRNY	3
128983	TELEFONY I GPS	TELEFONY STACJONARNE	TELEFON PANASONIC KX-TG2511PDM	3
152270	TELEFONY I GPS	TELEFONY STACJONARNE	TELEFON MESCOMP MARIA MT-512 czarny/szary/grafit	5
154798	TELEFONY I GPS	TELEFONY STACJONARNE	TELEFON PANASONIC KX-TG1611PDH	5
701595	TELEFONY I GPS	TELEFONY STACJONARNE	TELEFON GIGASET DA210 Czarny	3
779274	TELEFONY I GPS	TELEFONY STACJONARNE	TELEFON PANASONIC KX-TG6811PDB	4
862778	TELEFONY I GPS	TELEFONY STACJONARNE	TELEFON GIGASET A540	4
